# 4MB flash, two OTA app slots.
#
# The whole table is forced by one number: 0x400000 of flash, of which
# everything from 0x10000 up is 0x3F0000 = 4,128,768 bytes, and app partitions
# must start on a 0x10000 boundary. Two slots of 0x1F0000 spend 0x3E0000 of
# that and leave exactly one 0x10000 block, which the filesystem takes.
#
# So 0x1F0000 = 2,031,616 bytes is the hard ceiling on this firmware, for good:
# adopting OTA on a 4MB part means half the flash is always the copy that is
# not running. There is no coredump partition any more -- it was the only other
# candidate for that last block, and a filesystem that holds the settings and
# the persisted jobs outranks it.
#
# Name,     Type, SubType,  Offset,    Size,      Flags
nvs,        data, nvs,      0x9000,    0x5000,
otadata,    data, ota,      0xE000,    0x2000,
app0,       app,  ota_0,    0x10000,   0x1F0000,
app1,       app,  ota_1,    0x200000,  0x1F0000,
spiffs,     data, spiffs,   0x3F0000,  0x10000,
